date,high,low,open,close,volume,adjclose
2014-10-06,43000.0,37800.0,42700.0,39500.0,2794740.0,28249.97265625
2014-10-07,41600.0,38300.0,39800.0,39600.0,822995.0,28321.490234375
2014-10-08,41400.0,38800.0,39600.0,40300.0,670310.0,28822.125
2014-10-10,40600.0,38100.0,40300.0,40400.0,595480.0,28893.640625
2014-10-13,40400.0,38100.0,40000.0,39200.0,595165.0,28035.416015625
2014-10-14,39300.0,37100.0,39000.0,38000.0,645605.0,27177.1875
2014-10-15,39000.0,36300.0,38000.0,37300.0,607525.0,26676.5546875
2014-10-16,37800.0,35400.0,36600.0,37800.0,869950.0,27034.15234375
2014-10-17,38300.0,37100.0,37700.0,37500.0,275215.0,26819.595703125
2014-10-20,38700.0,37700.0,38300.0,38200.0,352505.0,27320.2265625
2014-10-21,38200.0,37100.0,37800.0,37300.0,366140.0,26676.5546875
2014-10-22,38300.0,35900.0,38000.0,36100.0,698615.0,25818.330078125
2014-10-23,36800.0,34600.0,35800.0,35800.0,625025.0,25603.771484375
2014-10-24,36500.0,34200.0,36100.0,36400.0,580105.0,26032.884765625
2014-10-27,39100.0,36600.0,36900.0,38000.0,669120.0,27177.1875
2014-10-28,40000.0,38000.0,38000.0,39600.0,632920.0,28321.490234375
2014-10-29,40600.0,39100.0,40500.0,39300.0,349780.0,28106.93359375
2014-10-30,41000.0,38800.0,39600.0,40700.0,499170.0,29108.197265625
2014-10-31,41200.0,39900.0,40900.0,40300.0,310840.0,28822.125
2014-11-03,40000.0,38000.0,40000.0,38700.0,505560.0,27677.8203125
2014-11-04,38700.0,36200.0,38300.0,38100.0,637475.0,27248.70703125
2014-11-05,38900.0,38100.0,38200.0,38900.0,290275.0,27820.859375
2014-11-06,39100.0,36800.0,38900.0,38400.0,8665635.0,27463.263671875
2014-11-07,38500.0,37300.0,37500.0,37800.0,418645.0,27034.15234375
2014-11-10,39300.0,37300.0,38100.0,37500.0,520360.0,26819.595703125
2014-11-11,39000.0,37500.0,37500.0,38500.0,553810.0,27534.78515625
2014-11-12,39500.0,38100.0,38900.0,38800.0,245865.0,27749.33984375
2014-11-13,39300.0,38500.0,38700.0,38700.0,163425.0,27677.8203125
2014-11-14,38700.0,38000.0,38400.0,38400.0,159175.0,27463.263671875
2014-11-17,38700.0,37300.0,38600.0,37900.0,301890.0,27105.669921875
2014-11-18,38000.0,37200.0,37900.0,37500.0,231840.0,26819.595703125
2014-11-19,37700.0,37000.0,37500.0,37700.0,170685.0,26962.62890625
2014-11-20,37800.0,37300.0,37600.0,37700.0,158125.0,26962.62890625
2014-11-21,38000.0,36400.0,37700.0,36900.0,378455.0,26390.482421875
2014-11-24,37000.0,36100.0,36600.0,36600.0,314980.0,26175.923828125
2014-11-25,37100.0,36200.0,36700.0,36500.0,320655.0,26104.404296875
2014-11-26,37600.0,36100.0,36600.0,37000.0,330675.0,26461.998046875
2014-11-27,38500.0,37000.0,37000.0,38100.0,409450.0,27248.70703125
2014-11-28,38400.0,37400.0,38100.0,38000.0,140335.0,27177.1875
2014-12-01,38400.0,36600.0,38400.0,37000.0,238390.0,26461.998046875
2014-12-02,37900.0,36600.0,36600.0,37800.0,125635.0,27034.15234375
2014-12-03,38700.0,37900.0,38700.0,38300.0,256420.0,27391.744140625
2014-12-04,39400.0,37700.0,38600.0,39400.0,487045.0,28178.453125
2014-12-05,39500.0,38600.0,39500.0,39100.0,216340.0,27963.8984375
2014-12-08,39300.0,38100.0,39300.0,38900.0,302240.0,27820.859375
2014-12-09,38700.0,37900.0,38600.0,38700.0,369175.0,27677.8203125
2014-12-10,38600.0,37500.0,38600.0,38200.0,308745.0,27320.2265625
2014-12-11,38200.0,37100.0,37600.0,38200.0,319310.0,27320.2265625
2014-12-12,38100.0,36700.0,38000.0,37600.0,502815.0,26891.11328125
2014-12-15,37900.0,36800.0,37300.0,37900.0,458440.0,27105.669921875
2014-12-16,38200.0,37400.0,37900.0,37700.0,210300.0,26962.62890625
2014-12-17,38100.0,37400.0,37700.0,37400.0,152550.0,26748.072265625
2014-12-18,37800.0,36600.0,37400.0,37400.0,187960.0,26748.072265625
2014-12-19,38100.0,37100.0,38000.0,37200.0,226240.0,26605.03515625
2014-12-22,37300.0,36700.0,37200.0,37000.0,190545.0,26461.998046875
2014-12-23,37200.0,36400.0,37200.0,36600.0,202030.0,26175.923828125
2014-12-24,36800.0,36400.0,36500.0,36700.0,145120.0,26247.439453125
2014-12-26,37600.0,36700.0,36800.0,37600.0,188650.0,26891.11328125
2014-12-29,37800.0,36300.0,37300.0,36600.0,223205.0,27646.48046875
2014-12-30,36700.0,35800.0,36600.0,36700.0,230635.0,27722.01953125
2015-01-02,36500.0,36000.0,36300.0,36500.0,135605.0,27570.943359375
2015-01-05,36400.0,35800.0,36100.0,36400.0,161815.0,27495.40625
2015-01-06,36200.0,35500.0,36000.0,35800.0,163830.0,27042.185546875
2015-01-07,35900.0,35000.0,35900.0,35500.0,201040.0,26815.576171875
2015-01-08,36300.0,35500.0,35500.0,36200.0,212715.0,27344.333984375
2015-01-09,36700.0,35200.0,36400.0,35200.0,432300.0,26588.966796875
2015-01-12,35300.0,34600.0,34800.0,34900.0,293460.0,26362.353515625
2015-01-13,34900.0,33800.0,34900.0,34000.0,492180.0,25682.5234375
2015-01-14,34500.0,33300.0,33300.0,34200.0,310870.0,25833.595703125
2015-01-15,34400.0,33500.0,34200.0,33700.0,266285.0,25455.912109375
2015-01-16,33700.0,32500.0,33600.0,32800.0,459955.0,24776.080078125
2015-01-19,33200.0,32600.0,33100.0,32900.0,269240.0,24851.6171875
2015-01-20,33600.0,32900.0,33000.0,33000.0,166890.0,24927.154296875
2015-01-21,33200.0,31800.0,33200.0,32300.0,484165.0,24398.396484375
2015-01-22,32600.0,31700.0,32300.0,32100.0,339630.0,24247.32421875
2015-01-23,32400.0,31400.0,32400.0,31700.0,415120.0,23945.17578125
2015-01-26,32400.0,31200.0,31200.0,31900.0,267405.0,24096.25
2015-01-27,33300.0,31700.0,31900.0,32700.0,347040.0,24700.54296875
2015-01-28,33300.0,32600.0,32900.0,33000.0,201205.0,24927.154296875
2015-01-29,34100.0,33000.0,33200.0,33200.0,346695.0,25078.228515625
2015-01-30,33700.0,32600.0,33400.0,33100.0,224085.0,25002.69140625
2015-02-02,33300.0,32600.0,33300.0,33100.0,140520.0,25002.69140625
2015-02-03,33200.0,31600.0,33100.0,32100.0,506235.0,24247.32421875
2015-02-04,32500.0,32100.0,32200.0,32100.0,206480.0,24247.32421875
2015-02-05,32400.0,30100.0,32200.0,30200.0,863915.0,22812.123046875
2015-02-06,30500.0,29100.0,30400.0,29500.0,940495.0,22283.365234375
2015-02-09,29800.0,28900.0,29500.0,29200.0,397195.0,22056.755859375
2015-02-10,30300.0,28300.0,29200.0,29700.0,676800.0,22434.439453125
2015-02-11,30000.0,29100.0,30000.0,29400.0,587550.0,22207.830078125
2015-02-12,29500.0,28600.0,29500.0,28900.0,365465.0,21830.14453125
2015-02-13,29600.0,28600.0,29000.0,29200.0,354055.0,22056.755859375
2015-02-16,29800.0,28700.0,29400.0,29400.0,255670.0,22207.830078125
2015-02-17,30800.0,29100.0,29400.0,30100.0,321850.0,22736.5859375
2015-02-23,30600.0,29900.0,30600.0,30200.0,230055.0,22812.123046875
2015-02-24,30900.0,30200.0,30300.0,30600.0,229175.0,23114.271484375
2015-02-25,32800.0,30500.0,31000.0,32200.0,684455.0,24322.861328125
2015-02-26,32200.0,31200.0,32000.0,31900.0,399275.0,24096.25
2015-02-27,32000.0,30400.0,32000.0,31200.0,373095.0,23567.4921875
2015-03-02,31400.0,30000.0,31200.0,31000.0,438460.0,23416.419921875
2015-03-03,32800.0,30900.0,30900.0,32300.0,437020.0,24398.396484375
2015-03-04,33200.0,32200.0,32300.0,32900.0,437815.0,24851.6171875
2015-03-05,33400.0,32600.0,32900.0,33000.0,281650.0,24927.154296875
2015-03-06,33100.0,32500.0,32700.0,32700.0,218945.0,24700.54296875
2015-03-09,33500.0,32300.0,32300.0,32900.0,196315.0,24851.6171875
2015-03-10,33400.0,32600.0,33000.0,33000.0,213340.0,24927.154296875
2015-03-11,33900.0,32700.0,32800.0,33600.0,319485.0,25380.376953125
2015-03-12,34300.0,33600.0,33700.0,33800.0,401265.0,25531.44921875
2015-03-13,34000.0,33100.0,33800.0,33500.0,167310.0,25304.83984375
2015-03-16,33700.0,33000.0,33500.0,33400.0,109010.0,25229.30078125
2015-03-17,33600.0,32500.0,33500.0,32900.0,299675.0,24851.6171875
2015-03-18,33100.0,32500.0,32700.0,33000.0,224105.0,24927.154296875
2015-03-19,33100.0,32300.0,32900.0,32800.0,235750.0,24776.080078125
2015-03-20,32900.0,31900.0,32800.0,32200.0,323635.0,24322.861328125
2015-03-23,32400.0,31900.0,32200.0,31900.0,202405.0,24096.25
2015-03-24,32500.0,31800.0,32000.0,32300.0,254580.0,24398.396484375
2015-03-25,33000.0,32000.0,32600.0,32300.0,303180.0,24398.396484375
2015-03-26,32500.0,31400.0,32300.0,32000.0,228320.0,24171.787109375
2015-03-27,32200.0,31400.0,32200.0,31700.0,214750.0,23945.17578125
2015-03-30,32100.0,31400.0,31600.0,31800.0,120445.0,24020.712890625
2015-03-31,32200.0,31800.0,32000.0,32000.0,77090.0,24171.787109375
2015-04-01,32000.0,31200.0,31800.0,31700.0,139310.0,23945.17578125
2015-04-02,31800.0,30700.0,31700.0,31100.0,281625.0,23491.955078125
2015-04-03,31400.0,30900.0,31200.0,31100.0,157915.0,23491.955078125
2015-04-06,31300.0,30900.0,31300.0,31000.0,129700.0,23416.419921875
2015-04-07,31400.0,30700.0,31000.0,31000.0,155655.0,23416.419921875
2015-04-08,31100.0,30400.0,31000.0,30900.0,268725.0,23340.880859375
2015-04-09,30900.0,30400.0,30700.0,30800.0,198155.0,23265.345703125
2015-04-10,31700.0,30600.0,30900.0,31300.0,177350.0,23643.02734375
2015-04-13,31600.0,30500.0,31600.0,30800.0,338710.0,23265.345703125
2015-04-14,31400.0,30400.0,30800.0,31200.0,345460.0,23567.4921875
2015-04-15,31900.0,31100.0,31500.0,31200.0,227195.0,23567.4921875
2015-04-16,32500.0,31200.0,31500.0,32400.0,378065.0,24473.93359375
2015-04-17,32600.0,31800.0,32100.0,32500.0,269760.0,24549.470703125
2015-04-20,32500.0,31800.0,31800.0,32400.0,157950.0,24473.93359375
2015-04-21,32600.0,31700.0,32600.0,31800.0,255395.0,24020.712890625
2015-04-22,31900.0,30400.0,31800.0,30800.0,469915.0,23265.345703125
2015-04-23,31100.0,30400.0,30900.0,31000.0,518555.0,23416.419921875
2015-04-24,32000.0,31000.0,31100.0,31400.0,519165.0,23718.56640625
2015-04-27,32300.0,30700.0,31500.0,31000.0,602430.0,23416.419921875
2015-04-28,31000.0,30400.0,31000.0,30600.0,390480.0,23114.271484375
2015-04-29,30600.0,29600.0,30600.0,30200.0,492615.0,22812.123046875
2015-04-30,30200.0,29400.0,29900.0,29800.0,260925.0,22509.9765625
2015-05-04,30000.0,29300.0,29800.0,29800.0,151470.0,22509.9765625
2015-05-06,30100.0,29600.0,29700.0,29800.0,146610.0,22509.9765625
2015-05-07,29800.0,29200.0,29800.0,29600.0,147035.0,22358.904296875
2015-05-08,29700.0,29200.0,29500.0,29500.0,269080.0,22283.365234375
2015-05-11,30100.0,29000.0,29700.0,29400.0,251270.0,22207.830078125
2015-05-12,29500.0,29100.0,29200.0,29400.0,205965.0,22207.830078125
2015-05-13,29600.0,28900.0,29200.0,29200.0,329540.0,22056.755859375
2015-05-14,29400.0,28900.0,29000.0,29300.0,342210.0,22132.291015625
2015-05-15,29500.0,29100.0,29300.0,29200.0,158120.0,22056.755859375
2015-05-18,29300.0,28400.0,29000.0,29300.0,269725.0,22132.291015625
2015-05-19,29600.0,28800.0,29200.0,29500.0,296215.0,22283.365234375
2015-05-20,29700.0,28900.0,29700.0,29200.0,260820.0,22056.755859375
2015-05-21,29400.0,28400.0,29400.0,28600.0,286950.0,21603.533203125
2015-05-22,29500.0,28400.0,28400.0,29200.0,267635.0,22056.755859375
2015-05-26,29500.0,28800.0,29200.0,29100.0,90895.0,21981.216796875
2015-05-27,28800.0,28500.0,28800.0,28800.0,132480.0,21754.607421875
2015-05-28,28900.0,28200.0,28600.0,28500.0,188220.0,21527.998046875
2015-05-29,28700.0,28100.0,28300.0,28200.0,260865.0,21301.38671875
2015-06-01,28500.0,27700.0,28300.0,28400.0,215885.0,21452.458984375
2015-06-02,28200.0,26800.0,28100.0,27900.0,522335.0,21074.77734375
2015-06-03,28000.0,27300.0,27400.0,27700.0,269870.0,20923.703125
2015-06-04,27900.0,27000.0,27500.0,27700.0,436655.0,20923.703125
2015-06-05,27500.0,26600.0,27300.0,27000.0,375575.0,20394.943359375
2015-06-08,27000.0,26000.0,27000.0,26100.0,276615.0,19715.11328125
2015-06-09,26500.0,25900.0,26200.0,26300.0,112680.0,19866.1875
2015-06-10,26500.0,25800.0,26500.0,26200.0,273995.0,19790.650390625
2015-06-11,27400.0,26200.0,26300.0,26500.0,304665.0,20017.26171875
2015-06-12,26700.0,25800.0,26600.0,26200.0,199585.0,19790.650390625
2015-06-15,26400.0,25400.0,25800.0,26300.0,213465.0,19866.1875
2015-06-16,26100.0,25200.0,26100.0,25700.0,339880.0,19412.96484375
2015-06-17,26000.0,25100.0,25200.0,26000.0,282785.0,19639.576171875
2015-06-18,26000.0,24800.0,26000.0,25200.0,328370.0,19035.28125
2015-06-19,25100.0,24300.0,25100.0,24500.0,391700.0,18506.5234375
2015-06-22,25100.0,24100.0,24200.0,24900.0,281395.0,18808.671875
2015-06-23,25200.0,24100.0,25200.0,24600.0,316290.0,18582.060546875
2015-06-24,25400.0,24200.0,24600.0,25200.0,357215.0,19035.28125
2015-06-25,25200.0,24600.0,25200.0,24800.0,148195.0,18733.134765625
2015-06-26,25000.0,24300.0,24600.0,24800.0,202300.0,18733.134765625
2015-06-29,24700.0,23800.0,24100.0,24700.0,276400.0,18657.59765625
2015-06-30,24900.0,24300.0,24300.0,24900.0,216600.0,18808.671875
2015-07-01,24900.0,24100.0,24800.0,24100.0,339605.0,18204.375
2015-07-02,24100.0,22700.0,23900.0,23400.0,771780.0,17675.619140625
2015-07-03,23200.0,22300.0,23000.0,22600.0,610205.0,17071.32421875
2015-07-06,22400.0,21500.0,22000.0,22000.0,633175.0,16618.103515625
2015-07-07,22400.0,21500.0,21900.0,22400.0,420990.0,16920.251953125
2015-07-08,22400.0,21700.0,22400.0,22300.0,238870.0,16844.712890625
2015-07-09,22100.0,21000.0,22000.0,21100.0,414080.0,15938.271484375
2015-07-10,22300.0,20800.0,20900.0,21500.0,653575.0,16240.419921875
2015-07-13,21900.0,20900.0,21500.0,21700.0,366580.0,16391.4921875
2015-07-14,22400.0,21700.0,22200.0,21800.0,278785.0,16467.029296875
2015-07-15,22900.0,21700.0,21900.0,22200.0,416315.0,16769.177734375
2015-07-16,22700.0,22000.0,22300.0,22000.0,222510.0,16618.103515625
2015-07-17,22100.0,21100.0,22000.0,21400.0,314975.0,16164.8818359375
2015-07-20,21500.0,20600.0,21400.0,21000.0,373160.0,15862.7353515625
2015-07-21,23200.0,20900.0,20900.0,22700.0,1149545.0,17146.859375
2015-07-22,23000.0,22200.0,22400.0,22500.0,340680.0,16995.787109375
2015-07-23,23100.0,22200.0,22500.0,23000.0,475860.0,17373.470703125
2015-07-24,23500.0,22100.0,22900.0,22800.0,487295.0,17222.3984375
2015-07-27,24000.0,22400.0,22700.0,23600.0,701305.0,17826.693359375
2015-07-28,23700.0,22800.0,23600.0,23200.0,430860.0,17524.544921875
2015-07-29,23500.0,22200.0,23400.0,22600.0,355430.0,17071.32421875
2015-07-30,23200.0,22300.0,22300.0,22600.0,319160.0,17071.32421875
2015-07-31,22900.0,21500.0,22800.0,22400.0,464100.0,16920.251953125
2015-08-03,22200.0,20700.0,22200.0,21100.0,605975.0,15938.271484375
2015-08-04,21100.0,20700.0,21000.0,21000.0,297070.0,15862.7353515625
2015-08-05,22100.0,21200.0,21200.0,21800.0,506750.0,16467.029296875
2015-08-06,21900.0,21000.0,21600.0,21100.0,342930.0,15938.271484375
2015-08-07,21100.0,20700.0,21000.0,21000.0,275450.0,15862.7353515625
2015-08-10,20900.0,20100.0,20900.0,20800.0,362610.0,15711.6611328125
2015-08-11,20800.0,20400.0,20700.0,20400.0,314945.0,15409.513671875
2015-08-12,21600.0,20300.0,20300.0,20900.0,486230.0,15787.19921875
2015-08-13,21500.0,20900.0,21100.0,21200.0,264760.0,16013.8076171875
2015-08-14,21200.0,21200.0,21200.0,21200.0,0.0,16013.8076171875
2015-08-17,21300.0,20500.0,21300.0,20600.0,141610.0,15560.587890625
2015-08-18,23300.0,20500.0,20800.0,23000.0,1125855.0,17373.470703125
2015-08-19,25100.0,22800.0,23000.0,23900.0,2056405.0,18053.302734375
2015-08-20,24500.0,22700.0,24500.0,23000.0,688650.0,17373.470703125
2015-08-21,23000.0,21800.0,22200.0,22800.0,650900.0,17222.3984375
2015-08-24,23000.0,21300.0,22800.0,21700.0,576540.0,16391.4921875
2015-08-25,22900.0,21400.0,21900.0,22000.0,1226970.0,16618.103515625
2015-08-26,22800.0,21600.0,22200.0,22600.0,557855.0,17071.32421875
2015-08-27,23000.0,22300.0,22900.0,22400.0,327295.0,16920.251953125
2015-08-28,22900.0,22300.0,22900.0,22600.0,237090.0,17071.32421875
2015-08-31,23600.0,22400.0,22500.0,23400.0,396975.0,17675.619140625
2015-09-01,24000.0,23000.0,23500.0,23400.0,482850.0,17675.619140625
2015-09-02,24500.0,22900.0,23000.0,24000.0,726160.0,18128.83984375
2015-09-03,24600.0,23700.0,24600.0,23900.0,323225.0,18053.302734375
2015-09-04,24000.0,23000.0,23900.0,23300.0,267625.0,17600.08203125
2015-09-07,24400.0,23100.0,23100.0,24100.0,376025.0,18204.375
2015-09-08,24700.0,24000.0,24300.0,24600.0,539070.0,18582.060546875
2015-09-09,25200.0,24600.0,24900.0,25000.0,579480.0,18884.208984375
2015-09-10,25200.0,24600.0,24700.0,25000.0,321785.0,18884.208984375
2015-09-11,25000.0,24600.0,24900.0,24700.0,207165.0,18657.59765625
2015-09-14,24900.0,24000.0,24900.0,24600.0,192210.0,18582.060546875
2015-09-15,25500.0,24600.0,24800.0,25200.0,441505.0,19035.28125
2015-09-16,26600.0,25100.0,25200.0,26100.0,642040.0,19715.11328125
2015-09-17,27000.0,25700.0,26400.0,26500.0,482925.0,20017.26171875
2015-09-18,26900.0,26200.0,26500.0,26800.0,354090.0,20243.87109375
2015-09-21,27000.0,26100.0,26400.0,26800.0,215655.0,20243.87109375
2015-09-22,27800.0,26700.0,26800.0,27300.0,356615.0,20621.5546875
2015-09-23,27200.0,26100.0,26900.0,26600.0,333580.0,20092.796875
2015-09-24,26900.0,26000.0,26600.0,26200.0,258245.0,19790.650390625
2015-09-25,26400.0,25500.0,26200.0,26100.0,328410.0,19715.11328125
2015-09-30,27600.0,25600.0,25800.0,27400.0,574445.0,20697.091796875
2015-10-01,28600.0,27400.0,27600.0,28200.0,640720.0,21301.38671875
2015-10-02,28800.0,27900.0,28300.0,28100.0,416650.0,21225.8515625
2015-10-05,28500.0,27400.0,28100.0,27500.0,446415.0,20772.62890625
2015-10-06,27700.0,25700.0,27300.0,26900.0,957085.0,20319.408203125
2015-10-07,27900.0,26400.0,26700.0,27600.0,337100.0,20848.166015625
2015-10-08,28200.0,27400.0,27800.0,27900.0,191870.0,21074.77734375
2015-10-12,28400.0,27300.0,27900.0,27700.0,247105.0,20923.703125
2015-10-13,28200.0,27500.0,27800.0,28000.0,223260.0,21150.314453125
2015-10-14,28100.0,27700.0,27800.0,27700.0,212975.0,20923.703125
2015-10-15,28300.0,27500.0,27800.0,28300.0,341325.0,21376.923828125
2015-10-16,28300.0,27200.0,28300.0,27800.0,392940.0,20999.240234375
2015-10-19,27800.0,27000.0,27800.0,27300.0,282335.0,20621.5546875
2015-10-20,27900.0,27400.0,27500.0,27600.0,241125.0,20848.166015625
2015-10-21,27800.0,27100.0,27700.0,27200.0,192865.0,20546.017578125
2015-10-22,27400.0,26400.0,27100.0,26800.0,345290.0,20243.87109375
2015-10-23,27300.0,26700.0,27300.0,26800.0,181335.0,20243.87109375
2015-10-26,30100.0,27700.0,27700.0,29800.0,1832990.0,22509.9765625
2015-10-27,29900.0,29100.0,29600.0,29600.0,408875.0,22358.904296875
2015-10-28,30100.0,29100.0,29400.0,29900.0,347595.0,22585.51171875
2015-10-29,29900.0,29300.0,29900.0,29700.0,181930.0,22434.439453125
2015-10-30,29800.0,28800.0,29500.0,29700.0,192840.0,22434.439453125
2015-11-02,29700.0,28900.0,29300.0,29300.0,148860.0,22132.291015625
2015-11-03,30500.0,29600.0,29600.0,30000.0,430965.0,22661.048828125
2015-11-04,30400.0,29800.0,30200.0,30000.0,122855.0,22661.048828125
2015-11-05,30900.0,30000.0,30200.0,30700.0,373750.0,23189.806640625
2015-11-06,30700.0,29400.0,30700.0,29600.0,300150.0,22358.904296875
2015-11-09,30600.0,29500.0,29700.0,30400.0,221090.0,22963.197265625
2015-11-10,30000.0,29100.0,30000.0,29700.0,208710.0,22434.439453125
2015-11-11,30100.0,29200.0,29800.0,29700.0,126695.0,22434.439453125
2015-11-12,30100.0,29300.0,29900.0,29500.0,166015.0,22283.365234375
2015-11-13,29500.0,28800.0,29200.0,29300.0,119790.0,22132.291015625
2015-11-16,29500.0,28700.0,29200.0,29300.0,198945.0,22132.291015625
2015-11-17,30200.0,29000.0,29500.0,29800.0,238865.0,22509.9765625
2015-11-18,31400.0,30000.0,30100.0,30800.0,748225.0,23265.345703125
2015-11-19,31400.0,30900.0,31200.0,31200.0,292120.0,23567.4921875
2015-11-20,31900.0,31100.0,31300.0,31600.0,289935.0,23869.638671875
2015-11-23,31700.0,30900.0,31700.0,31400.0,167865.0,23718.56640625
2015-11-24,32000.0,31300.0,31600.0,32000.0,243170.0,24171.787109375
2015-11-25,32600.0,31500.0,31500.0,32400.0,462945.0,24473.93359375
2015-11-26,32400.0,31700.0,32400.0,31700.0,267255.0,23945.17578125
2015-11-27,32300.0,31500.0,31700.0,31800.0,146440.0,24020.712890625
2015-11-30,32000.0,31100.0,31800.0,31600.0,195340.0,23869.638671875
2015-12-01,32800.0,31600.0,31600.0,32400.0,387270.0,24473.93359375
2015-12-02,33200.0,32500.0,32800.0,33100.0,289140.0,25002.69140625
2015-12-03,33600.0,33100.0,33300.0,33400.0,452430.0,25229.30078125
2015-12-04,33400.0,32600.0,33400.0,33400.0,166190.0,25229.30078125
2015-12-07,34700.0,33400.0,33700.0,34200.0,473670.0,25833.595703125
2015-12-08,34800.0,33900.0,34200.0,34200.0,286535.0,25833.595703125
2015-12-09,35000.0,34000.0,34200.0,34600.0,412970.0,26135.744140625
2015-12-10,35400.0,34700.0,34900.0,35200.0,313540.0,26588.966796875
2015-12-11,36400.0,34800.0,35500.0,35000.0,601760.0,26437.890625
2015-12-14,35200.0,34100.0,34400.0,34800.0,228385.0,26286.818359375
2015-12-15,35200.0,33000.0,35200.0,33200.0,601510.0,25078.228515625
2015-12-16,34100.0,33300.0,33500.0,34000.0,527860.0,25682.5234375
2015-12-17,34900.0,33700.0,34400.0,34300.0,233065.0,25909.1328125
2015-12-18,34600.0,33500.0,33700.0,34000.0,280610.0,25682.5234375
2015-12-21,34500.0,33400.0,33900.0,34300.0,194570.0,25909.1328125
2015-12-22,35000.0,33800.0,34300.0,34500.0,196225.0,26060.205078125
2015-12-23,35000.0,34300.0,34900.0,34600.0,136200.0,26135.744140625
2015-12-24,34900.0,33500.0,34700.0,33900.0,205230.0,25606.98828125
2015-12-28,33900.0,32900.0,33700.0,33600.0,211085.0,25380.376953125
2015-12-29,33600.0,32700.0,32900.0,33300.0,211660.0,29346.05859375
2015-12-30,34000.0,33000.0,33300.0,33100.0,253295.0,29169.806640625
2016-01-04,33100.0,31800.0,33100.0,32400.0,336880.0,28552.921875
2016-01-05,33700.0,31800.0,32000.0,33000.0,452850.0,29081.6796875
2016-01-06,33900.0,32900.0,33200.0,33900.0,422840.0,29874.81640625
2016-01-07,34000.0,33300.0,33900.0,33700.0,205215.0,29698.5625
2016-01-08,33600.0,32700.0,33100.0,33500.0,335590.0,29522.3125
2016-01-11,33500.0,32300.0,33500.0,32900.0,215550.0,28993.5546875
2016-01-12,33600.0,32900.0,32900.0,33200.0,186465.0,29257.931640625
2016-01-13,33700.0,32800.0,33300.0,32900.0,91795.0,28993.5546875
2016-01-14,33200.0,32400.0,32700.0,32800.0,198605.0,28905.427734375
2016-01-15,33700.0,32900.0,32900.0,33300.0,311255.0,29346.05859375
2016-01-18,33100.0,32100.0,32900.0,32200.0,210455.0,28376.669921875
2016-01-19,32300.0,30800.0,32300.0,31300.0,480530.0,27583.533203125
2016-01-20,32200.0,31200.0,31400.0,32000.0,340325.0,28200.41796875
2016-01-21,32700.0,31400.0,31900.0,32000.0,205620.0,28200.41796875
2016-01-22,33000.0,32200.0,32600.0,32500.0,197340.0,28641.048828125
2016-01-25,33000.0,32300.0,32500.0,32800.0,120575.0,28905.427734375
2016-01-26,32800.0,31700.0,32500.0,32100.0,123455.0,28288.54296875
2016-01-27,32800.0,31900.0,32100.0,32000.0,198565.0,28200.41796875
2016-01-28,34700.0,32200.0,32300.0,34100.0,556060.0,30051.068359375
2016-01-29,34700.0,33500.0,34400.0,34000.0,240480.0,29962.9453125
2016-02-01,34100.0,31600.0,34100.0,31900.0,577335.0,28112.291015625
2016-02-02,32000.0,30500.0,31900.0,30900.0,314340.0,27231.02734375
2016-02-03,30900.0,29500.0,30300.0,30900.0,449320.0,27231.02734375
2016-02-04,31400.0,30300.0,31400.0,30900.0,222145.0,27231.02734375
2016-02-05,31300.0,29900.0,31300.0,30100.0,375015.0,26526.017578125
2016-02-11,29500.0,28000.0,29200.0,29100.0,514125.0,25644.75390625
2016-02-12,30400.0,28200.0,28800.0,28600.0,641915.0,25204.123046875
2016-02-15,29900.0,28500.0,29200.0,29200.0,379210.0,25732.880859375
2016-02-16,29600.0,28700.0,29400.0,29200.0,447940.0,25732.880859375
2016-02-17,30400.0,29000.0,29000.0,29800.0,486255.0,26261.638671875
2016-02-18,30800.0,29700.0,30200.0,29900.0,246605.0,26349.763671875
2016-02-19,30800.0,29800.0,29800.0,30500.0,167680.0,26878.521484375
2016-02-22,31000.0,30500.0,30700.0,31000.0,313695.0,27319.154296875
2016-02-23,31200.0,30500.0,30900.0,31000.0,124260.0,27319.154296875
2016-02-24,31000.0,29800.0,30900.0,30100.0,239360.0,26526.017578125
2016-02-25,30700.0,29900.0,29900.0,30600.0,241190.0,26966.650390625
2016-02-26,31000.0,30200.0,30900.0,30900.0,137525.0,27231.02734375
2016-02-29,31100.0,29400.0,30800.0,30000.0,461960.0,26437.890625
2016-03-02,30800.0,29800.0,30300.0,30400.0,399680.0,26790.396484375
2016-03-03,30500.0,29500.0,30300.0,30100.0,213960.0,26526.017578125
2016-03-04,30100.0,28800.0,30100.0,29400.0,520510.0,25909.1328125
2016-03-07,29400.0,28200.0,29100.0,28400.0,933285.0,25027.87109375
2016-03-08,29600.0,27500.0,28100.0,29300.0,934420.0,25821.005859375
2016-03-09,30100.0,29200.0,30100.0,29900.0,346070.0,26349.763671875
2016-03-10,30800.0,29700.0,30000.0,30600.0,367645.0,26966.650390625
2016-03-11,30800.0,30100.0,30600.0,30500.0,212235.0,26878.521484375
2016-03-14,30600.0,29700.0,30500.0,30200.0,231200.0,26614.14453125
2016-03-15,30300.0,29600.0,30200.0,30100.0,218050.0,26526.017578125
2016-03-16,30000.0,29600.0,29800.0,29800.0,240885.0,26261.638671875
2016-03-17,30300.0,29500.0,29800.0,30100.0,273710.0,26526.017578125
2016-03-18,30700.0,29900.0,30200.0,30700.0,237580.0,27054.775390625
2016-03-21,32600.0,30300.0,30700.0,31700.0,665475.0,27936.0390625
2016-03-22,32900.0,31500.0,31900.0,32600.0,438360.0,28729.173828125
2016-03-23,33200.0,32600.0,32900.0,32800.0,355210.0,28905.427734375
2016-03-24,33100.0,32300.0,32700.0,32800.0,230435.0,28905.427734375
2016-03-25,33300.0,32300.0,32900.0,32800.0,274365.0,28905.427734375
2016-03-28,32800.0,31600.0,32800.0,32200.0,446020.0,28376.669921875
2016-03-29,32200.0,31400.0,32200.0,31900.0,267755.0,28112.291015625
2016-03-30,32000.0,31400.0,31900.0,31900.0,301225.0,28112.291015625
2016-03-31,31900.0,30900.0,31900.0,31300.0,330180.0,27583.533203125
2016-04-01,31400.0,30900.0,31400.0,31300.0,219680.0,27583.533203125
2016-04-04,31500.0,30900.0,31500.0,31100.0,153570.0,27407.279296875
2016-04-05,32000.0,31000.0,31100.0,31700.0,246775.0,27936.0390625
2016-04-06,32900.0,31700.0,31800.0,32700.0,362510.0,28817.30078125
2016-04-07,32900.0,32200.0,32800.0,32600.0,257000.0,28729.173828125
2016-04-08,33500.0,32200.0,32500.0,33200.0,403040.0,29257.931640625
2016-04-11,34400.0,33300.0,33400.0,33900.0,659000.0,29874.81640625
2016-04-12,34100.0,33500.0,33900.0,33800.0,233005.0,29786.689453125
2016-04-14,34900.0,33600.0,34000.0,34800.0,443855.0,30667.955078125
2016-04-15,35000.0,33900.0,34900.0,34200.0,305915.0,30139.1953125
2016-04-18,34900.0,34100.0,34200.0,34600.0,240425.0,30491.701171875
2016-04-19,35500.0,34800.0,34900.0,35400.0,349220.0,31196.7109375
2016-04-20,35800.0,35000.0,35500.0,35300.0,304690.0,31108.583984375
2016-04-21,35400.0,34500.0,34700.0,34900.0,367355.0,30756.078125
2016-04-22,35800.0,34500.0,34600.0,35600.0,257835.0,31372.966796875
2016-04-25,35700.0,35000.0,35500.0,35600.0,272480.0,31372.966796875
2016-04-26,35900.0,35200.0,35600.0,35700.0,249055.0,31461.08984375
2016-04-27,35900.0,34900.0,35700.0,35700.0,288240.0,31461.08984375
2016-04-28,36400.0,35200.0,35500.0,36400.0,375995.0,32077.97265625
2016-04-29,37700.0,35800.0,36400.0,37700.0,524825.0,33223.6171875
2016-05-02,38200.0,37100.0,37800.0,38000.0,408960.0,33487.99609375
2016-05-03,38400.0,36700.0,38000.0,38000.0,423975.0,33487.99609375
2016-05-04,38000.0,36400.0,37900.0,36900.0,305480.0,32518.60546875
2016-05-09,38400.0,37000.0,37000.0,37700.0,422075.0,33223.6171875
2016-05-10,38300.0,37400.0,37400.0,38300.0,266010.0,33752.375
2016-05-11,38800.0,37700.0,38400.0,38600.0,236265.0,34016.75390625
2016-05-12,39300.0,38300.0,38600.0,38400.0,272290.0,33840.5
2016-05-13,39400.0,38400.0,38900.0,39400.0,297915.0,34721.765625
2016-05-16,39600.0,38200.0,39500.0,38400.0,325980.0,33840.5
2016-05-17,39500.0,38400.0,38400.0,38400.0,261005.0,33840.5
2016-05-18,39700.0,38400.0,38900.0,39300.0,298280.0,34633.63671875
2016-05-19,39800.0,38600.0,38900.0,39700.0,242185.0,34986.14453125
2016-05-20,40000.0,39100.0,39200.0,39400.0,220945.0,34721.765625
2016-05-23,42800.0,40500.0,41000.0,40700.0,882655.0,35867.40234375
2016-05-24,43600.0,40700.0,41100.0,42800.0,742765.0,37718.05859375
2016-05-25,44700.0,40900.0,43600.0,42400.0,882540.0,37365.55078125
2016-05-26,45600.0,43100.0,43400.0,44600.0,854380.0,39304.33203125
2016-05-27,45400.0,43900.0,45000.0,45200.0,443070.0,39833.08984375
2016-05-30,44600.0,43000.0,44400.0,44100.0,577595.0,38863.69921875
2016-05-31,44800.0,43500.0,43600.0,44400.0,359590.0,39128.078125
2016-06-01,45000.0,43700.0,44500.0,44800.0,183900.0,39480.5859375
2016-06-02,44800.0,42600.0,44700.0,43000.0,616700.0,37894.3125
2016-06-03,44800.0,43100.0,43100.0,44700.0,422915.0,39392.45703125
2016-06-07,45700.0,44600.0,44700.0,45600.0,329190.0,40185.59375
2016-06-08,46000.0,44700.0,45300.0,46000.0,434880.0,40538.1015625
2016-06-09,47200.0,45000.0,46000.0,45700.0,1467320.0,40273.72265625
2016-06-10,45900.0,44400.0,45100.0,45500.0,399440.0,40097.46875
2016-06-13,45500.0,44500.0,45500.0,45300.0,174965.0,39921.21875
2016-06-14,46800.0,45100.0,45300.0,46300.0,373465.0,40802.48046875
2016-06-15,48900.0,46300.0,46300.0,47800.0,663590.0,42124.37109375
2016-06-16,48200.0,45900.0,48100.0,47000.0,376705.0,41419.36328125
2016-06-17,47900.0,44700.0,47300.0,45700.0,431080.0,40273.72265625
2016-06-20,46500.0,43900.0,45700.0,45600.0,330145.0,40185.59375
2016-06-21,45900.0,44300.0,45600.0,44400.0,343350.0,39128.078125
2016-06-22,45200.0,44400.0,44700.0,44600.0,243590.0,39304.33203125
2016-06-23,44600.0,43500.0,44600.0,43600.0,424425.0,38423.0703125
2016-06-24,44300.0,41400.0,43700.0,43600.0,873220.0,38423.0703125
2016-06-27,44400.0,41100.0,43400.0,41900.0,724895.0,36924.921875
2016-06-28,43200.0,40700.0,41100.0,42400.0,414545.0,37365.55078125
2016-06-29,44200.0,42500.0,42700.0,43700.0,441915.0,38511.1953125
2016-06-30,44300.0,43000.0,43900.0,43500.0,369360.0,38334.94140625
2016-07-01,43900.0,42900.0,43500.0,42900.0,468870.0,37806.18359375
2016-07-04,43000.0,41500.0,42900.0,42200.0,587665.0,37189.30078125
2016-07-05,42200.0,41400.0,42200.0,41700.0,569275.0,36748.66796875
2016-07-06,42300.0,41500.0,41500.0,42300.0,483825.0,37277.42578125
2016-07-07,44100.0,42100.0,42300.0,44000.0,528725.0,38775.57421875
2016-07-08,43900.0,43500.0,43800.0,43700.0,331405.0,38511.1953125
2016-07-11,46600.0,43900.0,44500.0,46100.0,514880.0,40626.2265625
2016-07-12,47700.0,46300.0,46600.0,47700.0,518820.0,42036.24609375
2016-07-13,48800.0,46500.0,47900.0,46600.0,414380.0,41066.85546875
2016-07-14,46300.0,45200.0,46100.0,45300.0,292335.0,39921.21875
2016-07-15,45500.0,44100.0,45400.0,44600.0,371135.0,39304.33203125
2016-07-18,44800.0,43400.0,44100.0,44000.0,262805.0,38775.57421875
2016-07-19,44400.0,43000.0,44000.0,43400.0,264605.0,38246.8125
2016-07-20,44000.0,43200.0,43600.0,43700.0,188985.0,38511.1953125
2016-07-21,44300.0,43700.0,43900.0,44100.0,177660.0,38863.69921875
2016-07-22,44900.0,43200.0,44200.0,44400.0,245280.0,39128.078125
2016-07-25,45700.0,44300.0,44400.0,45000.0,264040.0,39656.8359375
2016-07-26,44700.0,43800.0,44400.0,44000.0,536595.0,38775.57421875
2016-07-27,48000.0,42000.0,43800.0,47300.0,850215.0,41683.73828125
2016-07-28,52700.0,47600.0,48000.0,51900.0,1320520.0,45737.5546875
2016-07-29,52300.0,51000.0,52100.0,52000.0,392745.0,45825.67578125
2016-08-01,52700.0,50600.0,52600.0,52000.0,392600.0,45825.67578125
2016-08-02,52000.0,50500.0,52000.0,50700.0,219195.0,44680.03515625
2016-08-03,50600.0,49200.0,49900.0,49800.0,393475.0,43886.8984375
2016-08-04,50800.0,49800.0,50000.0,50100.0,273430.0,44151.27734375
2016-08-05,52300.0,49400.0,50800.0,49600.0,414300.0,43710.6484375
2016-08-08,51000.0,49200.0,49600.0,49600.0,144880.0,43710.6484375
2016-08-09,51200.0,49200.0,49800.0,50200.0,171760.0,44239.40625
2016-08-10,50700.0,49300.0,50200.0,50300.0,126155.0,44327.53125
2016-08-11,51200.0,49700.0,50700.0,51200.0,185105.0,45120.66796875
2016-08-12,51200.0,50100.0,51200.0,51100.0,150730.0,45032.54296875
2016-08-16,51700.0,49900.0,51100.0,49900.0,186820.0,43975.02734375
2016-08-17,51500.0,49700.0,50200.0,51000.0,195930.0,44944.4140625
2016-08-18,54600.0,51000.0,51600.0,54200.0,775630.0,47764.45703125
2016-08-19,54600.0,51500.0,54600.0,51800.0,364985.0,45649.42578125
2016-08-22,53400.0,50900.0,51400.0,51100.0,184120.0,45032.54296875
2016-08-23,52500.0,50700.0,51500.0,51800.0,190985.0,45649.42578125
2016-08-24,52200.0,50800.0,52000.0,51000.0,146110.0,44944.4140625
2016-08-25,52800.0,50800.0,51500.0,52500.0,188990.0,46266.30859375
2016-08-26,52500.0,51600.0,51900.0,51800.0,108615.0,45649.42578125
2016-08-29,51800.0,50900.0,51800.0,51000.0,84090.0,44944.4140625
2016-08-30,53000.0,50700.0,51000.0,52200.0,237865.0,46001.9296875
2016-08-31,52700.0,51400.0,52700.0,52300.0,149395.0,46090.05859375
2016-09-01,53400.0,51800.0,53000.0,53100.0,126480.0,46795.0703125
2016-09-02,53800.0,52400.0,53200.0,52900.0,203010.0,46618.81640625
2016-09-05,55600.0,53000.0,53000.0,54500.0,322215.0,48028.8359375
2016-09-06,54600.0,53900.0,53900.0,54500.0,192655.0,48028.8359375
2016-09-07,54500.0,53500.0,54200.0,53800.0,196710.0,47411.953125
2016-09-08,54300.0,52300.0,53900.0,53400.0,246665.0,47059.4453125
2016-09-09,53400.0,51300.0,53400.0,51300.0,231495.0,45208.79296875
2016-09-12,51900.0,50000.0,50500.0,50000.0,200670.0,44063.15234375
2016-09-13,53600.0,50500.0,50500.0,51800.0,320555.0,45649.42578125
2016-09-19,53700.0,50700.0,50700.0,53700.0,233530.0,47323.82421875
2016-09-20,54000.0,51700.0,53100.0,52900.0,237985.0,46618.81640625
2016-09-21,52800.0,51600.0,52300.0,52000.0,148290.0,45825.67578125
2016-09-22,54300.0,52500.0,52500.0,53900.0,217940.0,47500.07421875
2016-09-23,55600.0,53500.0,54200.0,55000.0,227875.0,48469.46875
2016-09-26,56000.0,54400.0,55000.0,56000.0,237515.0,49350.73046875
2016-09-27,57800.0,55400.0,56000.0,57400.0,258550.0,50584.5
2016-09-28,57000.0,55400.0,57000.0,55900.0,331080.0,49262.6015625
2016-09-29,57400.0,55700.0,55700.0,57000.0,229280.0,50231.99609375
2016-09-30,57400.0,49100.0,57300.0,49400.0,1080125.0,43534.39453125
2016-10-04,54100.0,51900.0,52200.0,52200.0,1011025.0,46001.9296875
2016-10-05,53100.0,52000.0,53100.0,52800.0,410105.0,46530.6875
2016-10-06,52900.0,50200.0,52300.0,50600.0,522485.0,44591.91015625
2016-10-07,51200.0,50600.0,51100.0,50600.0,274025.0,44591.91015625
2016-10-10,51500.0,50200.0,51200.0,50400.0,268040.0,44415.65625
2016-10-11,52800.0,50500.0,51400.0,52700.0,260025.0,46442.5625
2016-10-12,53600.0,50700.0,53600.0,51200.0,295970.0,45120.66796875
2016-10-13,51100.0,50200.0,50700.0,50500.0,284330.0,44503.78125
2016-10-14,51000.0,50000.0,50400.0,50200.0,216090.0,44239.40625
2016-10-17,50800.0,48400.0,50800.0,48900.0,365285.0,43093.76171875
2016-10-18,49700.0,48600.0,48900.0,49600.0,212500.0,43710.6484375
2016-10-19,50700.0,48600.0,49700.0,50400.0,287635.0,44415.65625
2016-10-20,50700.0,49900.0,50400.0,50000.0,260445.0,44063.15234375
2016-10-21,50500.0,49400.0,50500.0,50000.0,128790.0,44063.15234375
2016-10-24,50300.0,46700.0,50300.0,48700.0,473665.0,42917.51171875
2016-10-25,53100.0,48700.0,48800.0,52500.0,415250.0,46266.30859375
2016-10-26,52800.0,50000.0,52800.0,51400.0,349500.0,45296.921875
2016-10-27,51600.0,50200.0,51400.0,50600.0,478150.0,44591.91015625
2016-10-28,52100.0,50200.0,50700.0,51700.0,472545.0,45561.296875
2016-10-31,53800.0,51800.0,52300.0,53700.0,410220.0,47323.82421875
2016-11-01,53800.0,52700.0,53500.0,53500.0,216330.0,47147.57421875
2016-11-02,53600.0,51800.0,53000.0,51800.0,193080.0,45649.42578125
2016-11-03,53200.0,51900.0,52600.0,52200.0,289200.0,46001.9296875
2016-11-04,52700.0,49400.0,52600.0,50000.0,358060.0,44063.15234375
2016-11-07,51000.0,49600.0,50700.0,49800.0,281685.0,43886.8984375
2016-11-08,50700.0,49800.0,49900.0,50400.0,159080.0,44415.65625
2016-11-09,50300.0,48300.0,50000.0,49300.0,349555.0,43446.265625
2016-11-10,49300.0,45800.0,49200.0,47900.0,909475.0,42212.5
2016-11-11,47500.0,45900.0,47000.0,46200.0,410460.0,40714.3515625
2016-11-14,46600.0,45000.0,46200.0,45200.0,266435.0,39833.08984375
2016-11-15,44800.0,43400.0,44800.0,44700.0,577730.0,39392.45703125
2016-11-16,46900.0,44100.0,44600.0,46800.0,395120.0,41243.109375
2016-11-17,46900.0,45600.0,46700.0,46400.0,117615.0,40890.60546875
2016-11-18,47000.0,45500.0,47000.0,46600.0,143655.0,41066.85546875
2016-11-21,49200.0,46500.0,47000.0,47700.0,287210.0,42036.24609375
2016-11-22,48200.0,47300.0,47500.0,47700.0,161835.0,42036.24609375
2016-11-23,49500.0,47100.0,47100.0,48900.0,286500.0,43093.76171875
2016-11-24,51300.0,49300.0,49700.0,49500.0,446420.0,43622.51953125
2016-11-25,50200.0,48900.0,49600.0,49200.0,280835.0,43358.14453125
2016-11-28,50000.0,47700.0,49200.0,48600.0,262995.0,42829.3828125
2016-11-29,50100.0,48200.0,48600.0,48700.0,192945.0,42917.51171875
2016-11-30,50600.0,48700.0,49000.0,50100.0,255560.0,44151.27734375
2016-12-01,50800.0,49200.0,50000.0,50000.0,135610.0,44063.15234375
2016-12-02,50600.0,49400.0,49400.0,49700.0,180250.0,43798.7734375
2016-12-05,49800.0,47200.0,49700.0,47600.0,198720.0,41948.12109375
2016-12-06,48400.0,47200.0,47600.0,47200.0,236990.0,41595.6171875
2016-12-07,47700.0,45600.0,47600.0,45900.0,271950.0,40449.97265625
2016-12-08,47700.0,46100.0,46800.0,47500.0,264870.0,41859.99609375
2016-12-09,49400.0,47000.0,47000.0,48300.0,232785.0,42565.00390625
2016-12-12,49000.0,46500.0,48400.0,46600.0,296910.0,41066.85546875
2016-12-13,47400.0,46200.0,46800.0,47000.0,238280.0,41419.36328125
2016-12-14,49000.0,46800.0,47200.0,48700.0,209440.0,42917.51171875
2016-12-15,50600.0,48200.0,48200.0,50000.0,253090.0,44063.15234375
2016-12-16,49700.0,47800.0,49500.0,48000.0,268970.0,42300.62890625
2016-12-19,48700.0,46900.0,48300.0,47400.0,189790.0,41771.8671875
2016-12-20,48200.0,47000.0,47400.0,47200.0,122425.0,41595.6171875
2016-12-21,47700.0,47000.0,47500.0,47500.0,89445.0,41859.99609375
2016-12-22,47700.0,46600.0,47500.0,46600.0,134215.0,41066.85546875
2016-12-23,47200.0,46500.0,46600.0,46600.0,214150.0,41066.85546875
2016-12-26,48500.0,46600.0,46600.0,48200.0,223030.0,42476.87890625
2016-12-27,48400.0,47300.0,47500.0,47900.0,114150.0,42212.5
2016-12-28,48200.0,46900.0,47900.0,46900.0,142930.0,46148.39453125
2016-12-29,47700.0,46900.0,47100.0,46900.0,110000.0,46148.39453125
2017-01-02,50000.0,46800.0,47100.0,49800.0,249735.0,49001.921875
2017-01-03,53300.0,50300.0,50300.0,52700.0,511940.0,51855.44921875
2017-01-04,53000.0,51700.0,52800.0,51700.0,242805.0,50871.47265625
2017-01-05,52200.0,51100.0,51700.0,51500.0,189675.0,50674.6796875
2017-01-06,52200.0,51500.0,51500.0,51900.0,195095.0,51068.26953125
2017-01-09,52600.0,51100.0,51600.0,52300.0,188020.0,51461.859375
2017-01-10,52900.0,51600.0,52300.0,52000.0,189675.0,51166.6640625
2017-01-11,52500.0,51600.0,52100.0,51800.0,217980.0,50969.87109375
2017-01-12,52500.0,51100.0,52300.0,52000.0,272145.0,51166.6640625
2017-01-13,52500.0,51600.0,51900.0,51900.0,121360.0,51068.26953125
2017-01-16,52800.0,51300.0,52400.0,52200.0,203445.0,51363.4609375
2017-01-17,54200.0,52500.0,52500.0,53900.0,318815.0,53036.21484375
2017-01-18,54300.0,53200.0,54300.0,53500.0,197345.0,52642.62890625
2017-01-19,55900.0,53700.0,53700.0,54500.0,279235.0,53626.6015625
2017-01-20,55100.0,53700.0,55100.0,54300.0,117645.0,53429.8046875
2017-01-23,54800.0,53100.0,54700.0,53400.0,129865.0,52544.23046875
2017-01-24,53500.0,52100.0,53400.0,53000.0,97035.0,52150.640625
2017-01-25,54500.0,52100.0,53600.0,52200.0,174550.0,51363.4609375
2017-01-26,52200.0,51000.0,52100.0,51900.0,217275.0,51068.26953125
2017-01-31,51900.0,49000.0,51900.0,50000.0,320230.0,49198.71875
2017-02-01,50500.0,49200.0,49200.0,49900.0,346275.0,49100.3203125
2017-02-02,51700.0,49400.0,49800.0,51200.0,392390.0,50379.484375
2017-02-03,51800.0,49700.0,51500.0,49900.0,212455.0,49100.3203125
2017-02-06,50800.0,48100.0,50000.0,48300.0,298845.0,47525.9609375
2017-02-07,52900.0,48500.0,48600.0,51900.0,768480.0,51068.26953125
2017-02-08,56000.0,52800.0,53200.0,56000.0,1070550.0,55102.5625
2017-02-09,56600.0,54000.0,56500.0,55300.0,450750.0,54413.78125
2017-02-10,56300.0,54800.0,55800.0,55600.0,246900.0,54708.97265625
2017-02-13,58100.0,55700.0,56000.0,57200.0,376640.0,56283.33203125
2017-02-14,58000.0,56900.0,58000.0,57300.0,169730.0,56381.73046875
2017-02-15,57100.0,55100.0,56700.0,55500.0,373710.0,54610.57421875
2017-02-16,56400.0,54600.0,55800.0,56000.0,198055.0,55102.5625
2017-02-17,56000.0,54500.0,55400.0,55000.0,207555.0,54118.58984375
2017-02-20,54900.0,54200.0,54800.0,54400.0,86770.0,53528.203125
2017-02-21,55600.0,54200.0,54500.0,54400.0,183980.0,53528.203125
2017-02-22,54500.0,53800.0,54400.0,54000.0,167170.0,53134.61328125
2017-02-23,54600.0,53800.0,54200.0,54100.0,181745.0,53233.01171875
2017-02-24,54700.0,53600.0,54100.0,54100.0,195800.0,53233.01171875
2017-02-27,54500.0,52300.0,54500.0,53000.0,243190.0,52150.640625
2017-02-28,53600.0,52100.0,53100.0,53100.0,217750.0,52249.0390625
2017-03-02,53500.0,51400.0,53300.0,51400.0,421950.0,50576.28125
2017-03-03,51500.0,48500.0,51500.0,48900.0,635910.0,48116.34375
2017-03-06,48500.0,47000.0,48100.0,48000.0,618390.0,47230.76953125
2017-03-07,50300.0,47300.0,48000.0,49500.0,427775.0,48706.73046875
2017-03-08,51000.0,48800.0,49800.0,49400.0,331680.0,48608.33203125
2017-03-09,49400.0,48000.0,48900.0,49200.0,402825.0,48411.5390625
2017-03-10,50800.0,48500.0,48800.0,50500.0,345105.0,49690.703125
2017-03-13,50400.0,49500.0,50200.0,49700.0,359885.0,48903.5234375
2017-03-14,52500.0,50300.0,50400.0,51300.0,500580.0,50477.8828125
2017-03-15,51500.0,50300.0,51300.0,50700.0,291210.0,49887.5
2017-03-16,52300.0,50700.0,51000.0,51600.0,230920.0,50773.07421875
2017-03-17,52500.0,51600.0,51900.0,51900.0,276995.0,51068.26953125
2017-03-20,52400.0,50500.0,52400.0,50800.0,243715.0,49985.89453125
2017-03-21,52300.0,50900.0,51000.0,52200.0,311040.0,51363.4609375
2017-03-22,52000.0,51000.0,51800.0,51000.0,178785.0,50182.69140625
2017-03-23,52300.0,50600.0,51500.0,50600.0,251040.0,49789.1015625
2017-03-24,51600.0,50000.0,50000.0,50900.0,166305.0,50084.29296875
2017-03-27,50800.0,49100.0,50800.0,50400.0,318105.0,49592.3046875
2017-03-28,51400.0,50400.0,50900.0,51200.0,240925.0,50379.484375
2017-03-29,51800.0,50200.0,51800.0,50700.0,338085.0,49887.5
2017-03-30,51700.0,50400.0,50800.0,50500.0,200795.0,49690.703125
2017-03-31,51900.0,50300.0,50300.0,51900.0,183225.0,51068.26953125
2017-04-03,51900.0,51500.0,51800.0,51700.0,124370.0,50871.47265625
2017-04-04,51600.0,48100.0,51400.0,48700.0,612220.0,47919.55078125
2017-04-05,48900.0,46400.0,48700.0,47100.0,916845.0,46345.19140625
2017-04-06,47200.0,46100.0,47100.0,46200.0,382265.0,45459.61328125
2017-04-07,47600.0,46100.0,46200.0,46200.0,511085.0,45459.61328125
2017-04-10,46700.0,45500.0,46300.0,45800.0,474515.0,45066.0234375
2017-04-11,47000.0,45800.0,46300.0,46000.0,280220.0,45262.8203125
2017-04-12,47300.0,46100.0,46200.0,46100.0,289740.0,45361.21875
2017-04-13,47000.0,46000.0,46500.0,46600.0,228075.0,45853.203125
2017-04-14,46300.0,45400.0,46200.0,45600.0,357275.0,44869.23046875
2017-04-17,45800.0,45000.0,45600.0,45200.0,398035.0,44475.640625
2017-04-18,45500.0,44800.0,45400.0,45000.0,261935.0,44278.84375
2017-04-19,45000.0,43800.0,44800.0,44200.0,488860.0,43491.6640625
2017-04-20,46600.0,44200.0,44200.0,46400.0,589720.0,45656.41015625
2017-04-21,46800.0,45800.0,45800.0,46400.0,341905.0,45656.41015625
2017-04-24,47100.0,45800.0,46500.0,47000.0,280710.0,46246.79296875
2017-04-25,47600.0,46500.0,47000.0,47400.0,330920.0,46640.3828125
2017-04-26,48400.0,46700.0,47400.0,47900.0,356925.0,47132.37109375
2017-04-27,48500.0,46900.0,47900.0,48000.0,272740.0,47230.76953125
2017-04-28,47600.0,45800.0,47100.0,46000.0,422050.0,45262.8203125
2017-05-02,46600.0,45500.0,46400.0,45700.0,358210.0,44967.62890625
2017-05-04,45800.0,44500.0,45400.0,44800.0,599865.0,44082.05078125
2017-05-08,46800.0,44900.0,44900.0,46500.0,460430.0,45754.80859375
2017-05-10,49600.0,46800.0,47000.0,49200.0,1067975.0,48411.5390625
2017-05-11,49400.0,47900.0,48900.0,49200.0,465125.0,48411.5390625
2017-05-12,49900.0,48400.0,49600.0,49400.0,306155.0,48608.33203125
2017-05-15,49900.0,48800.0,49400.0,49900.0,314775.0,49100.3203125
2017-05-16,50000.0,48200.0,49900.0,48300.0,329420.0,47525.9609375
2017-05-17,48500.0,47700.0,48400.0,47900.0,238210.0,47132.37109375
2017-05-18,49600.0,47400.0,47400.0,48700.0,420385.0,47919.55078125
2017-05-19,49100.0,47400.0,48800.0,47800.0,269325.0,47033.97265625
2017-05-22,49400.0,47600.0,48300.0,48500.0,328625.0,47722.75390625
2017-05-23,49800.0,48600.0,48600.0,49300.0,397915.0,48509.93359375
2017-05-24,51000.0,48600.0,49700.0,50800.0,489660.0,49985.89453125
2017-05-25,53100.0,50500.0,50800.0,52500.0,599450.0,51658.65234375
2017-05-26,53100.0,52100.0,52700.0,52400.0,325525.0,51560.25390625
2017-05-29,52900.0,52000.0,52400.0,52700.0,199010.0,51855.44921875
2017-05-30,53400.0,51800.0,52300.0,53300.0,279035.0,52445.83203125
2017-05-31,52300.0,50700.0,52300.0,51600.0,551775.0,50773.07421875
2017-06-01,52000.0,50200.0,51600.0,50200.0,293590.0,49395.51171875
2017-06-02,50900.0,50000.0,50600.0,50700.0,298090.0,49887.5
2017-06-05,51300.0,50200.0,50700.0,51000.0,207780.0,50182.69140625
2017-06-07,51400.0,49600.0,50500.0,49900.0,370655.0,49100.3203125
2017-06-08,50200.0,49100.0,50200.0,49100.0,369910.0,48313.140625
2017-06-09,50000.0,49200.0,49200.0,49400.0,134900.0,48608.33203125
2017-06-12,51500.0,49600.0,49800.0,51400.0,324675.0,50576.28125
2017-06-13,52200.0,49600.0,51000.0,52000.0,308365.0,51166.6640625
2017-06-14,52600.0,51000.0,51600.0,51000.0,251415.0,50182.69140625
2017-06-15,51900.0,50700.0,50800.0,51200.0,115770.0,50379.484375
2017-06-16,53300.0,51300.0,51300.0,52100.0,319830.0,51265.0625
2017-06-19,53300.0,52100.0,52200.0,52200.0,140200.0,51363.4609375
2017-06-20,52000.0,50400.0,52000.0,50800.0,160020.0,49985.89453125
2017-06-21,52700.0,50200.0,50200.0,51800.0,234860.0,50969.87109375
2017-06-22,52100.0,50800.0,51300.0,51700.0,198440.0,50871.47265625
2017-06-23,52400.0,50800.0,51800.0,51000.0,151675.0,50182.69140625
2017-06-26,51200.0,50500.0,51000.0,50700.0,127865.0,49887.5
2017-06-27,51500.0,50400.0,50700.0,50500.0,128600.0,49690.703125
2017-06-28,52000.0,50200.0,50300.0,51600.0,278455.0,50773.07421875
2017-06-29,51500.0,50500.0,51500.0,50500.0,162600.0,49690.703125
2017-06-30,51700.0,50400.0,50500.0,51500.0,183705.0,50674.6796875
2017-07-03,51700.0,50500.0,51500.0,50900.0,170785.0,50084.29296875
2017-07-04,50800.0,49300.0,50700.0,50100.0,120770.0,49297.11328125
2017-07-05,50000.0,49200.0,49700.0,49200.0,175990.0,48411.5390625
2017-07-06,49900.0,48700.0,49000.0,49000.0,187580.0,48214.7421875
2017-07-07,49600.0,48000.0,48600.0,48200.0,168925.0,47427.5625
2017-07-10,48800.0,47100.0,48200.0,47200.0,204805.0,46443.58984375
2017-07-11,47200.0,45500.0,47100.0,45900.0,365735.0,45164.421875
2017-07-12,47600.0,45200.0,45300.0,46700.0,282175.0,45951.6015625
2017-07-13,47500.0,46400.0,47400.0,47200.0,176565.0,46443.58984375
2017-07-14,47600.0,46300.0,47200.0,47100.0,112665.0,46345.19140625
2017-07-17,49500.0,47100.0,47100.0,49000.0,364535.0,48214.7421875
2017-07-18,49400.0,47900.0,49100.0,47900.0,131050.0,47132.37109375
2017-07-19,48400.0,47200.0,48100.0,47300.0,152285.0,46541.984375
2017-07-20,48100.0,47200.0,47700.0,47600.0,293670.0,46837.1796875
2017-07-21,48300.0,47600.0,48000.0,48000.0,151925.0,47230.76953125
2017-07-24,49200.0,48000.0,48400.0,48200.0,156100.0,47427.5625
2017-07-25,48500.0,47800.0,47900.0,48400.0,145955.0,47624.359375
2017-07-26,49900.0,48500.0,48700.0,49600.0,237875.0,48805.12890625
2017-07-27,50300.0,49000.0,49600.0,50100.0,191955.0,49297.11328125
2017-07-28,53200.0,49400.0,49400.0,53100.0,574790.0,52249.0390625
2017-07-31,54900.0,51300.0,52700.0,51300.0,387350.0,50477.8828125
2017-08-01,52900.0,51500.0,51700.0,52100.0,191670.0,51265.0625
2017-08-02,52600.0,50700.0,51800.0,52500.0,186900.0,51658.65234375
2017-08-03,52800.0,51100.0,51800.0,52600.0,211570.0,51757.05078125
2017-08-04,53400.0,51300.0,52300.0,51400.0,240430.0,50576.28125
2017-08-07,52200.0,50600.0,51400.0,50800.0,155250.0,49985.89453125
2017-08-08,51800.0,50400.0,50800.0,51500.0,224280.0,50674.6796875
2017-08-09,53300.0,50700.0,50700.0,53200.0,261455.0,52347.43359375
2017-08-10,54400.0,52000.0,52900.0,53700.0,374020.0,52839.421875
2017-08-11,53900.0,52500.0,53400.0,53500.0,157185.0,52642.62890625
2017-08-14,53600.0,51300.0,53600.0,51900.0,293995.0,51068.26953125
2017-08-16,52500.0,50700.0,52400.0,51000.0,289855.0,50182.69140625
2017-08-17,51400.0,50000.0,50900.0,50200.0,229205.0,49395.51171875
2017-08-18,50600.0,49600.0,49600.0,50000.0,168075.0,49198.71875
2017-08-21,50600.0,49400.0,49400.0,50400.0,125235.0,49592.3046875
2017-08-22,50800.0,49800.0,50400.0,50000.0,73605.0,49198.71875
2017-08-23,50600.0,49600.0,50000.0,50400.0,121090.0,49592.3046875
2017-08-24,51600.0,50000.0,50200.0,51500.0,231040.0,50674.6796875
2017-08-25,51800.0,50800.0,51300.0,51000.0,76900.0,50182.69140625
2017-08-28,52400.0,51000.0,51400.0,51300.0,108695.0,50477.8828125
2017-08-29,51700.0,50600.0,51400.0,51000.0,116685.0,50182.69140625
2017-08-30,51400.0,48400.0,51400.0,49300.0,642125.0,48509.93359375
2017-08-31,49200.0,47700.0,49200.0,47900.0,291165.0,47132.37109375
2017-09-01,49100.0,47900.0,48000.0,48000.0,191255.0,47230.76953125
2017-09-04,48600.0,46400.0,46400.0,47600.0,108270.0,46837.1796875
2017-09-05,48400.0,47700.0,47900.0,47700.0,169580.0,46935.57421875
2017-09-06,48400.0,46700.0,47700.0,47200.0,294040.0,46443.58984375
2017-09-07,48300.0,47200.0,47700.0,47700.0,261725.0,46935.57421875
2017-09-08,47600.0,45600.0,47300.0,45800.0,529385.0,45066.0234375
2017-09-11,46300.0,44800.0,45800.0,45100.0,328110.0,44377.2421875
2017-09-12,46500.0,45100.0,45200.0,46000.0,260990.0,45262.8203125
2017-09-13,46500.0,45400.0,46500.0,46000.0,213095.0,45262.8203125
2017-09-14,46400.0,45500.0,45600.0,45800.0,207390.0,45066.0234375
2017-09-15,47200.0,45400.0,46100.0,46700.0,175095.0,45951.6015625
2017-09-18,48200.0,46600.0,46600.0,47300.0,169805.0,46541.984375
2017-09-19,48800.0,47100.0,47100.0,48500.0,236600.0,47722.75390625
2017-09-20,49000.0,48100.0,48800.0,48600.0,165440.0,47821.15234375
2017-09-21,48800.0,47900.0,48200.0,48200.0,275290.0,47427.5625
2017-09-25,48500.0,47000.0,47800.0,48000.0,121680.0,47230.76953125
2017-09-26,48000.0,48000.0,48000.0,48000.0,0.0,47230.76953125
2017-09-27,51100.0,50200.0,50800.0,50900.0,99320.0,50084.29296875
2017-09-28,51400.0,49000.0,50200.0,51000.0,208235.0,50182.69140625
2017-09-29,51800.0,50400.0,51200.0,50900.0,206430.0,50084.29296875
2017-10-10,54100.0,51000.0,51600.0,53900.0,714040.0,53036.21484375
2017-10-11,54600.0,53500.0,53600.0,54100.0,184455.0,53233.01171875
2017-10-12,54300.0,52700.0,53600.0,54200.0,175660.0,53331.41015625
2017-10-13,54600.0,52700.0,53500.0,53800.0,133835.0,52937.8203125
2017-10-16,54700.0,53400.0,54700.0,54200.0,151195.0,53331.41015625
2017-10-17,54200.0,52700.0,53500.0,53200.0,148665.0,52347.43359375
2017-10-18,60400.0,53900.0,53900.0,59500.0,720870.0,58546.47265625
2017-10-19,61500.0,58400.0,59900.0,58700.0,515940.0,57759.29296875
2017-10-20,59700.0,57400.0,58600.0,59500.0,367635.0,58546.47265625
2017-10-23,62600.0,58400.0,59500.0,62500.0,538475.0,61498.39453125
2017-10-24,63100.0,61100.0,62500.0,61300.0,390770.0,60317.625
2017-10-25,62200.0,60100.0,61300.0,60100.0,318685.0,59136.859375
2017-10-26,64600.0,59700.0,60100.0,64600.0,454390.0,63564.7421875
2017-10-27,63800.0,61500.0,63000.0,62200.0,307970.0,61203.203125
2017-10-30,66000.0,63100.0,65300.0,64000.0,673975.0,62974.359375
2017-10-31,66800.0,64000.0,64600.0,65300.0,627855.0,64253.5234375
2017-11-01,65100.0,63200.0,63800.0,63600.0,264845.0,62580.76953125
2017-11-02,65500.0,63200.0,64300.0,63900.0,318035.0,62875.9609375
2017-11-03,65200.0,63300.0,64700.0,64900.0,232085.0,63859.93359375
2017-11-06,64700.0,63100.0,64100.0,64300.0,225610.0,63269.55078125
2017-11-07,64400.0,62900.0,63300.0,63400.0,159325.0,62383.97265625
2017-11-08,64300.0,58400.0,62800.0,60300.0,740985.0,59333.65234375
2017-11-09,63800.0,60300.0,60300.0,63800.0,459845.0,62777.5625
2017-11-10,63900.0,61700.0,63700.0,62900.0,506215.0,61891.984375
2017-11-13,65100.0,62700.0,62700.0,63700.0,302045.0,62679.1640625
2017-11-14,64400.0,62800.0,63700.0,63800.0,152205.0,62777.5625
2017-11-15,64700.0,62900.0,63800.0,63500.0,217290.0,62482.37109375
2017-11-16,63900.0,62600.0,63500.0,63200.0,136540.0,62187.1796875
2017-11-17,65300.0,63200.0,63600.0,63200.0,151465.0,62187.1796875
2017-11-20,64800.0,62500.0,64800.0,62700.0,205675.0,61695.19140625
2017-11-21,64000.0,62700.0,62700.0,63200.0,127275.0,62187.1796875
2017-11-22,65300.0,63700.0,63700.0,64700.0,159275.0,63663.140625
2017-11-23,66400.0,64600.0,64800.0,64800.0,126470.0,63761.53515625
2017-11-24,65300.0,63700.0,64800.0,64200.0,144830.0,63171.15234375
2017-11-27,65000.0,63900.0,64300.0,64400.0,190595.0,63367.94921875
2017-11-28,65300.0,63200.0,64800.0,64300.0,240280.0,63269.55078125
2017-11-29,65100.0,63600.0,64300.0,64000.0,106840.0,62974.359375
2017-11-30,67400.0,64300.0,65000.0,66100.0,245660.0,65040.703125
2017-12-01,66600.0,64400.0,66100.0,66200.0,125250.0,65139.1015625
2017-12-04,66000.0,64400.0,65800.0,65200.0,218250.0,64155.125
2017-12-05,68900.0,65200.0,65200.0,67900.0,238690.0,66811.859375
2017-12-06,68800.0,66800.0,68100.0,67100.0,209810.0,66024.6796875
2017-12-07,67100.0,64600.0,67100.0,64900.0,262905.0,63859.93359375
2017-12-08,65800.0,63000.0,64500.0,63400.0,200545.0,62383.97265625
2017-12-11,63100.0,59100.0,62400.0,60700.0,447110.0,59727.2421875
2017-12-12,62400.0,60700.0,60800.0,61000.0,229705.0,60022.43359375
2017-12-13,62300.0,61100.0,61100.0,61600.0,124465.0,60612.8203125
2017-12-14,62500.0,60700.0,62400.0,60700.0,317880.0,59727.2421875
2017-12-15,62100.0,59900.0,60600.0,62100.0,210215.0,61104.8046875
2017-12-18,63000.0,61200.0,62000.0,61500.0,108700.0,60514.421875
2017-12-19,61500.0,60200.0,60900.0,60400.0,200655.0,59432.05078125
2017-12-21,61600.0,60000.0,60200.0,61000.0,141760.0,60022.43359375
2017-12-22,61500.0,60300.0,61400.0,61000.0,74075.0,60022.43359375
2017-12-26,62600.0,60700.0,61000.0,62400.0,98855.0,61400.0
2017-12-27,62700.0,59800.0,60000.0,62000.0,114520.0,62000.0
2017-12-28,62500.0,61500.0,62000.0,61700.0,59135.0,61700.0
2018-01-02,62800.0,61300.0,62600.0,61400.0,92460.0,61400.0
2018-01-03,62800.0,60800.0,60800.0,61800.0,157900.0,61800.0
2018-01-04,62400.0,59000.0,61700.0,59500.0,293675.0,59500.0
2018-01-05,60300.0,58600.0,60300.0,59000.0,227975.0,59000.0
2018-01-08,59900.0,58400.0,59000.0,58500.0,276290.0,58500.0
2018-01-09,58500.0,56600.0,58300.0,56800.0,351250.0,56800.0
2018-01-10,57600.0,56200.0,56700.0,57300.0,484990.0,57300.0
2018-01-11,57200.0,55200.0,57200.0,55200.0,387225.0,55200.0
2018-01-12,56000.0,53800.0,55200.0,53900.0,361025.0,53900.0
2018-01-15,55900.0,52600.0,54200.0,55800.0,446085.0,55800.0
2018-01-16,56100.0,54500.0,55500.0,55800.0,233125.0,55800.0
2018-01-17,56200.0,54700.0,55200.0,55000.0,175555.0,55000.0
2018-01-18,55900.0,54400.0,55000.0,55300.0,224840.0,55300.0
2018-01-19,57600.0,55000.0,55300.0,56500.0,325400.0,56500.0
2018-01-22,58200.0,56500.0,56500.0,57700.0,378960.0,57700.0
2018-01-23,57900.0,56500.0,57900.0,57300.0,304990.0,57300.0
2018-01-24,58300.0,56800.0,57300.0,57200.0,401925.0,57200.0
2018-01-25,59400.0,57100.0,57100.0,58600.0,718480.0,58600.0
2018-01-26,58000.0,54300.0,57900.0,55000.0,661930.0,55000.0
2018-01-29,55200.0,54300.0,55000.0,54700.0,279855.0,54700.0
2018-01-30,55600.0,54800.0,55100.0,55100.0,235970.0,55100.0
2018-01-31,55500.0,54100.0,55200.0,55500.0,278785.0,55500.0
2018-02-01,55700.0,54300.0,55700.0,55300.0,509040.0,55300.0
2018-02-02,59100.0,54900.0,55000.0,57600.0,598710.0,57600.0
2018-02-05,58900.0,55100.0,58100.0,55300.0,373930.0,55300.0
2018-02-06,58100.0,54500.0,55700.0,57200.0,550600.0,57200.0
2018-02-07,54400.0,45600.0,54200.0,46800.0,3288125.0,46800.0
2018-02-08,47400.0,45800.0,46300.0,46200.0,984355.0,46200.0
2018-02-09,46600.0,44300.0,45200.0,45100.0,645885.0,45100.0
2018-02-12,46000.0,44300.0,45400.0,45000.0,406415.0,45000.0
2018-02-13,47900.0,45400.0,45600.0,45600.0,988050.0,45600.0
2018-02-14,47400.0,45800.0,45800.0,47100.0,441300.0,47100.0
2018-02-19,48700.0,47600.0,48000.0,47900.0,308090.0,47900.0
2018-02-20,48300.0,46700.0,47900.0,46900.0,189795.0,46900.0
2018-02-21,49000.0,47100.0,47100.0,48700.0,355200.0,48700.0
2018-02-22,49700.0,48100.0,48800.0,49500.0,374765.0,49500.0
2018-02-23,50200.0,49300.0,49900.0,50100.0,227630.0,50100.0
2018-02-26,50600.0,49600.0,50300.0,50500.0,192785.0,50500.0
2018-02-27,51500.0,50000.0,50000.0,50900.0,238095.0,50900.0
2018-02-28,51500.0,50100.0,51000.0,51500.0,247665.0,51500.0
2018-03-02,51400.0,48400.0,51000.0,48400.0,375260.0,48400.0
2018-03-05,48900.0,47700.0,48000.0,47900.0,141885.0,47900.0
2018-03-06,48700.0,47200.0,47700.0,47300.0,181620.0,47300.0
2018-03-07,47100.0,45200.0,46900.0,45800.0,524165.0,45800.0
2018-03-08,46300.0,45500.0,46300.0,45800.0,332580.0,45800.0
2018-03-09,47200.0,45900.0,46100.0,47000.0,323455.0,47000.0
2018-03-12,47800.0,46700.0,47300.0,46800.0,218010.0,46800.0
2018-03-13,47200.0,45800.0,46900.0,46000.0,292485.0,46000.0
2018-03-14,47000.0,45400.0,46100.0,46300.0,389515.0,46300.0
2018-03-15,46500.0,45100.0,46500.0,45800.0,264290.0,45800.0
2018-03-16,46600.0,45700.0,45900.0,45900.0,182575.0,45900.0
2018-03-19,46200.0,44700.0,45600.0,45700.0,244145.0,45700.0
2018-03-20,45700.0,43700.0,45100.0,45500.0,403505.0,45500.0
2018-03-21,46400.0,45400.0,45400.0,45600.0,161175.0,45600.0
2018-03-22,48800.0,45700.0,45700.0,47900.0,710785.0,47900.0
2018-03-23,47500.0,45800.0,47000.0,45900.0,352045.0,45900.0
2018-03-26,47500.0,45500.0,45500.0,47000.0,352635.0,47000.0
2018-03-27,49300.0,46900.0,47800.0,48900.0,348610.0,48900.0
2018-03-28,48500.0,46900.0,48400.0,47500.0,524660.0,47500.0
2018-03-29,47900.0,46000.0,47400.0,46100.0,727790.0,46100.0
2018-03-30,47100.0,46000.0,46900.0,46400.0,246175.0,46400.0
2018-04-02,49700.0,46400.0,46400.0,49100.0,548665.0,49100.0
2018-04-03,50400.0,47200.0,48800.0,47300.0,383875.0,47300.0
2018-04-04,49700.0,47600.0,47600.0,49400.0,345965.0,49400.0
2018-04-05,50300.0,48100.0,50300.0,48500.0,328415.0,48500.0
2018-04-06,48900.0,47700.0,48700.0,47900.0,309290.0,47900.0
2018-04-09,48000.0,46700.0,47700.0,47200.0,174000.0,47200.0
2018-04-10,48200.0,47000.0,47600.0,47600.0,173625.0,47600.0
2018-04-11,47400.0,46800.0,47300.0,47000.0,379320.0,47000.0
2018-04-12,47600.0,46500.0,46500.0,46600.0,191180.0,46600.0
2018-04-13,46600.0,45400.0,46600.0,45600.0,293595.0,45600.0
2018-04-16,46900.0,45700.0,46200.0,45800.0,198055.0,45800.0
2018-04-17,46700.0,45900.0,46100.0,45900.0,158045.0,45900.0
2018-04-18,46500.0,45800.0,46100.0,46000.0,286280.0,46000.0
2018-04-19,47100.0,45700.0,46200.0,45900.0,275110.0,45900.0
2018-04-20,46200.0,45100.0,46000.0,45200.0,310795.0,45200.0
2018-04-23,45900.0,44700.0,45400.0,45900.0,137540.0,45900.0
2018-04-24,46400.0,45200.0,46400.0,45400.0,160615.0,45400.0
2018-04-25,45400.0,42200.0,45300.0,42300.0,562550.0,42300.0
2018-04-26,44000.0,42100.0,42100.0,43300.0,543750.0,43300.0
2018-04-27,45000.0,41800.0,43000.0,44700.0,655470.0,44700.0
2018-04-30,45400.0,44100.0,44100.0,45400.0,380580.0,45400.0
2018-05-02,45400.0,45400.0,45400.0,45400.0,0.0,45400.0
2018-05-03,45400.0,45400.0,45400.0,45400.0,0.0,45400.0
2018-05-04,45400.0,45400.0,45400.0,45400.0,0.0,45400.0
2018-05-08,45750.0,44650.0,45300.0,45250.0,215006.0,45250.0
2018-05-09,45500.0,43500.0,45050.0,45200.0,254620.0,45200.0
2018-05-10,44750.0,43400.0,44600.0,43500.0,282573.0,43500.0
2018-05-11,44250.0,43050.0,43950.0,43900.0,460404.0,43900.0
2018-05-14,44000.0,42600.0,43900.0,42650.0,195496.0,42650.0
2018-05-15,43150.0,41650.0,42700.0,41750.0,322932.0,41750.0
2018-05-16,44350.0,41050.0,41650.0,44100.0,462180.0,44100.0
2018-05-17,46600.0,43750.0,43750.0,46550.0,402992.0,46550.0
2018-05-18,48100.0,45450.0,46300.0,47550.0,427400.0,47550.0
2018-05-21,47900.0,45000.0,47550.0,45850.0,265171.0,45850.0
2018-05-23,46350.0,43950.0,45200.0,44000.0,364721.0,44000.0
2018-05-24,44650.0,42250.0,44550.0,42400.0,406852.0,42400.0
2018-05-25,42400.0,40050.0,42400.0,40400.0,582775.0,40400.0
2018-05-28,41850.0,40700.0,40800.0,41000.0,380684.0,41000.0
2018-05-29,41950.0,40750.0,40750.0,40950.0,304010.0,40950.0
2018-05-30,41050.0,39500.0,40850.0,39750.0,289553.0,39750.0
2018-05-31,40450.0,38150.0,39900.0,38450.0,634059.0,38450.0
2018-06-01,41500.0,38700.0,38900.0,40800.0,623473.0,40800.0
2018-06-04,43400.0,40950.0,40950.0,43000.0,832347.0,43000.0
2018-06-05,43000.0,41200.0,43000.0,41400.0,400556.0,41400.0
2018-06-07,42950.0,40800.0,41150.0,42750.0,389599.0,42750.0
2018-06-08,42750.0,40350.0,42750.0,40400.0,453623.0,40400.0
2018-06-11,40900.0,39150.0,40200.0,39300.0,422289.0,39300.0
2018-06-12,39250.0,37800.0,39200.0,37950.0,707830.0,37950.0
2018-06-14,38450.0,37600.0,38150.0,37750.0,590473.0,37750.0
2018-06-15,40900.0,38050.0,38200.0,39350.0,1228644.0,39350.0
2018-06-18,40300.0,38700.0,39300.0,38850.0,603052.0,38850.0
2018-06-19,40050.0,38050.0,39100.0,38150.0,439921.0,38150.0
2018-06-20,38900.0,37750.0,38350.0,38350.0,393374.0,38350.0
2018-06-21,38600.0,37150.0,38200.0,37600.0,537768.0,37600.0
2018-06-22,37550.0,35500.0,37100.0,36500.0,927070.0,36500.0
2018-06-25,37800.0,36150.0,36150.0,37450.0,411542.0,37450.0
2018-06-26,38700.0,36850.0,36850.0,38200.0,495398.0,38200.0
2018-06-27,38750.0,37000.0,37800.0,37100.0,479635.0,37100.0
2018-06-28,38450.0,36850.0,37250.0,37600.0,484685.0,37600.0
2018-06-29,38550.0,37350.0,38000.0,38400.0,392898.0,38400.0
